{
  "accuracy": 0.6006264682850431,
  "log_loss": 0.8662463859213256,
  "brier_score": {
    "class_0": 0.18326996434640003,
    "class_1": 0.1745139226483933,
    "class_2": 0.15167220366549383,
    "mean": 0.1698186968867624
  },
  "confusion_matrix": [
    [
      1063,
      7,
      144
    ],
    [
      391,
      9,
      205
    ],
    [
      263,
      10,
      462
    ]
  ],
  "feature_importances": {
    "elo_diff": 0.3068940043449402,
    "is_neutral": 0.060338813811540604,
    "h2h_goals_A_avg": 0.05075068399310112,
    "recent_goals_conceded_H": 0.04061217978596687,
    "h2h_goals_H_avg": 0.03966142237186432,
    "is_competitive": 0.03623388335108757,
    "comp_goal_diff_A": 0.03296292573213577,
    "recent_goals_conceded_A": 0.032883621752262115,
    "recent_goal_diff_H": 0.03136269748210907,
    "recent_goal_diff_A": 0.03058643639087677,
    "away_elo": 0.02993643283843994,
    "comp_goal_diff_H": 0.028136957436800003,
    "h2h_draws": 0.023645883426070213,
    "h2h_wins_A": 0.022788941860198975,
    "home_elo": 0.020801188424229622,
    "h2h_wins_H": 0.020115545019507408,
    "h2h_total": 0.016707245260477066,
    "recent_wins_A": 0.016474366188049316,
    "recent_losses_H": 0.015756813809275627,
    "recent_points_A": 0.015324276871979237
  },
  "poisson_home_mae": 1.2227907078315852,
  "poisson_away_mae": 0.9442267449512832
}