{
  "coef": [
    0.08346339688307806,
    -0.12657779019614487,
    0.18761224804962803,
    0.06886842737605997,
    0.1707803189580662,
    0.028972702764395827,
    -0.05491128601078334,
    -0.045582257983016274,
    0.028715030690165184
  ],
  "intercept": 0.4080983603033535
}