{
  "coef": [
    -0.11174489584817102,
    0.11980530749458555,
    -0.20707932985092112,
    0.03507843035426214,
    -0.061295010077415654,
    0.0603266595446943,
    0.16850834555353011,
    0.12718674249145567,
    0.004585743899749937
  ],
  "intercept": -0.01745209087714542
}